"DESCRIPTION","DURATION IN MS","NAME","PARENT SUITE","START TIME","STATUS","STOP TIME","SUB SUITE","SUITE","TEST CLASS","TEST METHOD"
"Проверка перехода к разделу Булки в конструкторе","2580","Переход к разделу 'Булки'","","Wed Dec 10 19:11:34 MSK 2025","passed","Wed Dec 10 19:11:36 MSK 2025","","ru.yandex.praktikum.tests.ConstructorTest","ru.yandex.praktikum.tests.ConstructorTest","switchToBunsSectionTest"
"Проверка отображения ошибки при пароле меньше 6 символов","1517","Ошибка при регистрации с коротким паролем","","Wed Dec 10 19:11:57 MSK 2025","passed","Wed Dec 10 19:11:58 MSK 2025","","ru.yandex.praktikum.tests.RegisterTest","ru.yandex.praktikum.tests.RegisterTest","shortPasswordRegistrationErrorTest"
"Проверка перехода на страницу входа из формы восстановления пароля","2708","Вход через кнопку в форме восстановления пароля","","Wed Dec 10 19:11:52 MSK 2025","passed","Wed Dec 10 19:11:54 MSK 2025","","ru.yandex.praktikum.tests.LoginTest","ru.yandex.praktikum.tests.LoginTest","loginViaForgotPasswordLinkTest"
"Проверка перехода на страницу входа из формы регистрации","2832","Вход через кнопку в форме регистрации","","Wed Dec 10 19:11:46 MSK 2025","passed","Wed Dec 10 19:11:49 MSK 2025","","ru.yandex.praktikum.tests.LoginTest","ru.yandex.praktikum.tests.LoginTest","loginViaRegisterFormLinkTest"
"Проверка успешной регистрации с валидными данными","2544","Успешная регистрация пользователя","","Wed Dec 10 19:11:54 MSK 2025","passed","Wed Dec 10 19:11:57 MSK 2025","","ru.yandex.praktikum.tests.RegisterTest","ru.yandex.praktikum.tests.RegisterTest","successfulRegistrationTest"
"Проверка перехода к разделу Соусы в конструкторе","1584","Переход к разделу 'Соусы'","","Wed Dec 10 19:11:36 MSK 2025","passed","Wed Dec 10 19:11:38 MSK 2025","","ru.yandex.praktikum.tests.ConstructorTest","ru.yandex.praktikum.tests.ConstructorTest","switchToSaucesSectionTest"
"Проверка успешного входа через кнопку Личный кабинет","2853","Вход через кнопку 'Личный кабинет'","","Wed Dec 10 19:11:49 MSK 2025","passed","Wed Dec 10 19:11:52 MSK 2025","","ru.yandex.praktikum.tests.LoginTest","ru.yandex.praktikum.tests.LoginTest","loginViaPersonalAccountButtonTest"
"Проверка перехода к разделу Начинки в конструкторе","1630","Переход к разделу 'Начинки'","","Wed Dec 10 19:11:38 MSK 2025","passed","Wed Dec 10 19:11:40 MSK 2025","","ru.yandex.praktikum.tests.ConstructorTest","ru.yandex.praktikum.tests.ConstructorTest","switchToFillingsSectionTest"
"Проверка успешного входа через кнопку на главной","6337","Вход по кнопке 'Войти в аккаунт' на главной странице","","Wed Dec 10 19:11:40 MSK 2025","passed","Wed Dec 10 19:11:46 MSK 2025","","ru.yandex.praktikum.tests.LoginTest","ru.yandex.praktikum.tests.LoginTest","loginViaMainPageButtonTest"
